{"cameraMode":{"drawMode":0,"name":"Shaded","section":"Shading Mode"},"sceneLighting":true,"audioPlay":false,"sceneViewState":{"m_AlwaysRefresh":false,"showFog":true,"showSkybox":true,"showFlares":true,"showImageEffects":true,"showParticleSystems":true,"showVisualEffectGraphs":true,"m_FxEnabled":true},"in2DMode":false,"pivot":{"x":-3.9055402278900148,"y":2.509227752685547,"z":18.84715461730957},"rotation":{"x":-0.014811190776526928,"y":-0.9278023838996887,"z":0.03704939782619476,"w":-0.37099868059158327},"size":0.3873577415943146,"orthographic":false}